runner1,runner2
Lucid,TuxedoCat22
goryuya,Vytox
Jambo,vCheriba
AdriienSR,kurbi
Rirure,MilovanTm
userodyssey,Zypher
GMan,Mark Lukas
Jadyboyy,BP31
proprofk,Zack207
Game Nerd,Bugfish
DannyGeffen,SalmonBurt
cmanrulo,ZackInTheBoxx
The-G,Sa1102
The_H_Pandin,PixelPanda
Lapis,Maxsterious
GoodGoomba,SMOgamer
anttosr,twilightskies
reyalsdiorteM,Wuxwu
Lucid,SalmonBurt
goryuya,Bugfish
Jambo,ZackInTheBoxx
AdriienSR,BP31
Rirure,Zack207
userodyssey,Mark Lukas
GMan,PixelPanda
Jadyboyy,SMOgamer
proprofk,twilightskies
Game Nerd,Maxsterious
DannyGeffen,Sa1102
cmanrulo,Wuxwu
The-G,Vytox
The_H_Pandin,vCheriba
Lapis,Zypher
GoodGoomba,TuxedoCat22
anttosr,MilovanTm
reyalsdiorteM,kurbi
